{
    
    
    "from":{"0":0,"1":174722,"2":164640,"3":164640,"4":164640,"5":164640,"6":164640,"7":164640,"8":164640,"9":164640,"10":164640,"11":164640,"12":164640,"13":164640,"14":164640,"15":164640,"16":164640,"17":164640,"18":164640,"19":164640,"20":164640,"21":164640,"22":164640,"23":164640,"24":164640,"25":164640,"26":164640,"27":164640,"28":164640,"29":164640,"30":164640,"31":164640,"32":164640,"33":164640,"34":164640,"35":164640,"36":164640,"37":164640,"38":164640,"39":164640,"40":164640,"41":164640,"42":164640,"43":164640,"44":164640,"45":164640,"46":164640,"47":164640,"48":164640,"49":158689,"50":174722,"51":158689,"52":158689,"53":174722,"54":158689,"55":174722,"56":164640,"57":164640,"58":164640,"59":164640,"60":164640,"61":164640,"62":164640,"63":157194,"64":164640,"65":164640,"66":164640,"67":164640,"68":164640,"69":158845,"70":158845,"71":158845,"72":164640,"73":164640},


"bloco_timestamp":{"0":0,"1":1681588739000,"2":1683062195000,"3":1683119267000,"4":1683119267000,"5":1683119327000,"6":1683119327000,"7":1683287447000,"8":1683287447000,"9":1683287471000,"10":1683287471000,"11":1683287531000,"12":1683287531000,"13":1683287579000,"14":1683287939000,"15":1683288347000,"16":1683297899000,"17":1683297935000,"18":1683298271000,"19":1683298331000,"20":1683298331000,"21":1683298355000,"22":1683298355000,"23":1683298403000,"24":1683298403000,"25":1683298559000,"26":1683298559000,"27":1683298619000,"28":1683298619000,"29":1683298667000,"30":1683298667000,"31":1683298715000,"32":1683298715000,"33":1683298751000,"34":1683298787000,"35":1683298835000,"36":1683376643000,"37":1683811019000,"38":1683811019000,"39":1683811079000,"40":1683811079000,"41":1683811103000,"42":1683811103000,"43":1683811139000,"44":1683811139000,"45":1683811187000,"46":1683811187000,"47":1683811211000,"48":1683811211000,"49":1691937935000,"50":1691937935000,"51":1691937983000,"52":1691938031000,"53":1691938031000,"54":1691938079000,"55":1691938079000,"56":1693863647000,"57":1694614223000,"58":1694614271000,"59":1694614919000,"60":1694614919000,"61":1694616875000,"62":1694616875000,"63":1698239099000,"64":1699967483000,"65":1699977563000,"66":1700067647000,"67":1701935123000,"68":1701935915000,"69":1708984283000,"70":1708984331000,"71":1708984367000,"72":1709121923000,"73":1713350387000},



"cotacao":{"0":0,"1":0.0000000018,"2":0.0000012179,"3":0.0000009354,"4":0.0000009354,"5":0.0000009354,"6":0.0000009354,"7":0.0000021045,"8":0.0000021045,"9":0.0000021045,"10":0.0000021045,"11":0.0000021045,"12":0.0000021045,"13":0.0000021045,"14":0.0000020971,"15":0.0000020776,"16":0.000002765,"17":0.0000027681,"18":0.0000028524,"19":0.0000028524,"20":0.0000028524,"21":0.0000028524,"22":0.0000028524,"23":0.0000028524,"24":0.0000028524,"25":0.0000028568,"26":0.0000028568,"27":0.0000028568,"28":0.0000028568,"29":0.0000028568,"30":0.0000028568,"31":0.0000028568,"32":0.0000028568,"33":0.0000028568,"34":0.0000028568,"35":0.0000028819,"36":0.000003067,"37":0.0000016414,"38":0.0000016414,"39":0.0000016414,"40":0.0000016414,"41":0.0000016414,"42":0.0000016414,"43":0.0000016414,"44":0.0000016414,"45":0.0000016414,"46":0.0000016414,"47":0.00000164,"48":0.00000164,"49":0.0000014075,"50":0.0000014075,"51":0.0000014075,"52":0.0000014075,"53":0.0000014075,"54":0.0000014075,"55":0.0000014075,"56":0.0000007977,"57":0.0000006805,"58":0.0000006805,"59":0.0000006805,"60":0.0000006805,"61":0.0000006735,"62":0.0000006735,"63":0.0000010339,"64":0.0000011578,"65":0.0000011903,"66":0.0000012187,"67":0.0000014738,"68":0.0000014677,"69":0.0000016949,"70":0.0000016949,"71":0.0000016949,"72":0.0000033548,"73":0.0000053187},


"valor_USD":{"0":0,"1":992.04,"2":18757.35,"3":7655.72,"4":12725.24,"5":12725.24,"6":7585.41,"7":8771.25,"8":27275.66,"9":27248.31,"10":9086.63,"11":27349.86,"12":8986.35,"13":36198.47,"14":35682.04,"15":35585.03,"16":39003.82,"17":39047.38,"18":40236.75,"19":11508.09,"20":27084.81,"21":11864.31,"22":27123.06,"23":27314.42,"24":11933.08,"25":19117.37,"26":21008.62,"27":17239.2,"28":21615.01,"29":33889.56,"30":7732.71,"31":33889.56,"32":7749.92,"33":38789.42,"34":39091.03,"35":37465.28,"36":40109.76,"37":31181.93,"38":16770.47,"39":31359.87,"40":18447.51,"41":31411.26,"42":18447.51,"43":31315.76,"44":18447.51,"45":26425.58,"46":23786.58,"47":32561.38,"48":26641.13,"49":38764.83,"50":4596.3,"51":45473.48,"52":36397.74,"53":9167.08,"54":36733.1,"55":9183.66,"56":8230.08,"57":18911.5,"58":20416.33,"59":13270.7,"60":7145.76,"61":7072.07,"62":13133.85,"63":9522.24,"64":1447.23,"65":833.21,"66":3656.09,"67":4805.07,"68":1467.68,"69":14677.96,"70":14638.06,"71":10226.26,"72":3354.8,"73":5318.72},


"variavel":{"0":0,"1":0,"2":0,"3":0,"4":0,"5":0,"6":0,"7":0,"8":0,"9":0,"10":0,"11":0,"12":0,"13":0,"14":0,"15":0,"16":0,"17":0,"18":0,"19":0,"20":0,"21":0,"22":0,"23":0,"24":0,"25":0,"26":0,"27":0,"28":0,"29":0,"30":0,"31":0,"32":0,"33":0,"34":0,"35":0,"36":0,"37":0,"38":0,"39":0,"40":0,"41":0,"42":0,"43":0,"44":0,"45":0,"46":0,"47":0,"48":0,"49":0,"50":0,"51":0,"52":0,"53":0,"54":0,"55":0,"56":0,"57":0,"58":0,"59":0,"60":0,"61":0,"62":0,"63":0,"64":0,"65":0,"66":0,"67":0,"68":0,"69":0,"70":0,"71":0,"72":0,"73":0},


"variavel2":{"0":0,"1":0,"2":0,"3":0,"4":0,"5":0,"6":0,"7":0,"8":0,"9":0,"10":0,"11":0,"12":0,"13":0,"14":0,"15":0,"16":0,"17":0,"18":0,"19":0,"20":0,"21":0,"22":0,"23":0,"24":0,"25":0,"26":0,"27":0,"28":0,"29":0,"30":0,"31":0,"32":0,"33":0,"34":0,"35":0,"36":0,"37":0,"38":0,"39":0,"40":0,"41":0,"42":0,"43":0,"44":0,"45":0,"46":0,"47":0,"48":0,"49":0,"50":0,"51":0,"52":0,"53":0,"54":0,"55":0,"56":0,"57":0,"58":0,"59":0,"60":0,"61":0,"62":0,"63":0,"64":0,"65":0,"66":0,"67":0,"68":0,"69":0,"70":0,"71":0,"72":0,"73":0},



"qtd_txn":{"0":0,"1":542257501971.5700073242,"2":15401362531.0904483795,"3":8184816389.9010467529,"4":13604705023.6122455597,"5":13604705812.6434631348,"6":8109654008.0100402832,"7":4167773501.7053852081,"8":12960386316.5146007538,"9":12947388032.0280475616,"10":4317630244.0332164764,"11":12995640273.2836723328,"12":4269982441.1665377617,"13":17200172240.9481620789,"14":17014614682.5212059021,"15":17128048582.2118759155,"16":14106130362.6049461365,"17":14106129334.3153419495,"18":14106130403.1081695557,"19":4034486702.3113017082,"20":9495345978.55717659,"21":4159367958.3695225716,"22":9508753122.8214263916,"23":9575841858.9709911346,"24":4183476525.8805551529,"25":6691776075.1102228165,"26":7353784326.3787221909,"27":6034348337.8364858627,"28":7566042200.756570816,"29":11862583351.8372707367,"30":2706729832.8880558014,"31":11862583155.0784568787,"32":2712756329.6050424576,"33":13577714701.9074764252,"34":13683289015.8337402344,"35":13000000000.0,"36":13077683491.6165847778,"37":18997553918.8178405762,"38":10217384862.0046043396,"39":19105961040.5954093933,"40":11239122881.7770271301,"41":19137273571.3580131531,"42":11239121181.1994590759,"43":19079088649.4636611938,"44":11239123289.3274402618,"45":16099748408.3373031616,"46":14491941963.9004898071,"47":19854641982.6318969727,"48":16244707076.6988239288,"49":27540643298.1607589722,"50":3265460029.0923762321,"51":32306833755.502407074,"52":25858933051.4987182617,"53":6512794640.8994283676,"54":26097190579.2973022461,"55":6524571123.6886844635,"56":10317653243.5161342621,"57":27788773234.6235389709,"58":30000000000.0,"59":19500000000.0,"60":10500000000.0,"61":10500000000.0,"62":19500000000.0,"63":9210372526.7181224823,"64":1250000000.0,"65":700000000.0,"66":3000000000.0,"67":3260372526.7181229591,"68":1000000000.0,"69":8660000897.6823196411,"70":8636464851.3997516632,"71":6033499466.9840459824,"72":1000000000.0,"73":1000000000.0},



"txt_hash":{"0":0,"1":"0x54ac45642d1c1bb4336505baf0f9de8252e93648ee0f7c81f79ec53689a11894:log:15","2":"0x5386c0d854e79f29061986f6b5b10e5c1f5ad80cd7afda459986c4e77d2f87c5:log:361","3":"0x6091df8868926e8d1153225fc9cfe9c9e927b9c9748ee6b0a635049adbdec7cf:log:26","4":"0x6091df8868926e8d1153225fc9cfe9c9e927b9c9748ee6b0a635049adbdec7cf:log:20",