{"Wallet":{"0":"0x70399b85054dd1d94f2264afc8704a3ee308abaf"},"Token":{"0":"0x6982508145454ce325ddbe47a25d4ec3d2311933"},"Symbol":{"0":"PEPE"},"First Transaction":{"0":1681516800000},"Last Transaction":{"0":1713312000000},"Capital Called":{"0":-992.04},"Lucro\/Prejuizo Swap\/Corretora":{"0":1013932.55},"Transfers In (Token)":{"0":0.0},"Transfer Out (Token)":{"0":0.0},"Transfers Sum (Token)":{"0":0.0},"Transfers Amount (USD)":{"0":0.0},"Token Balance":{"0":21329965216.0661773682},"Token Balance (USD)":{"0":171129.09},"Total Investment":{"0":-992.04},"Total Profit":{"0":1185061.6399999999},"Roi %":{"0":119457.04},"Confiability":{"0":1},"Sale":{"0":181},"Purchase":{"0":30},"Tempo de execucao (s)":{"0":7.4074397087}}